"Chrom","Position","RSID","Reference","Alternate","Consequence","Protein Consequence","Transcript Consequence","Filter","Annotation","Flags","Allele Count","Allele Number","Number of Homozygotes","Allele Frequency","Allele Count African","Allele Number African","Homozygote Count African","Allele Count East Asian","Allele Number East Asian","Homozygote Count East Asian","Allele Count European (Non-Finnish)","Allele Number European (Non-Finnish)","Homozygote Count European (Non-Finnish)","Allele Count Finnish","Allele Number Finnish","Homozygote Count Finnish","Allele Count Latino","Allele Number Latino","Homozygote Count Latino","Allele Count Other","Allele Number Other","Homozygote Count Other","Allele Count South Asian","Allele Number South Asian","Homozygote Count South Asian"
"20","48599547",".","T","A","","","c.-50T>A","PASS","5' UTR","","2","102488","0","0.00001951","0","8576","0","2","6816","0","0","56486","0","0","5162","0","0","10020","0","0","774","0","0","14654","0"
"20","48599547",".","T","G","","","c.-50T>G","PASS","5' UTR","","3","102488","0","0.00002927","0","8576","0","0","6816","0","2","56486","0","0","5162","0","1","10020","0","0","774","0","0","14654","0"
"20","48599547",".","T","C","","","c.-50T>C","PASS","5' UTR","","2","102488","0","0.00001951","0","8576","0","0","6816","0","2","56486","0","0","5162","0","0","10020","0","0","774","0","0","14654","0"
"20","48599548",".","C","G","","","c.-49C>G","PASS","5' UTR","","2","102264","0","0.00001956","0","8550","0","0","6772","0","2","56416","0","0","5132","0","0","10004","0","0","770","0","0","14620","0"
"20","48599548",".","C","T","","","c.-49C>T","PASS","5' UTR","","3","102264","0","0.00002934","0","8550","0","0","6772","0","3","56416","0","0","5132","0","0","10004","0","0","770","0","0","14620","0"
"20","48599549","rs4647954","T","C","","","c.-48T>C","PASS","5' UTR","","29571","101222","5384","0.2921","6320","8642","2296","2939","6678","630","11691","55780","1156","1006","5082","91","4200","9672","827","197","760","27","3218","14608","357"
"20","48599549","rs4647954","T","A","","","c.-48T>A","PASS","5' UTR","","5","101222","0","0.00004940","5","8642","0","0","6678","0","0","55780","0","0","5082","0","0","9672","0","0","760","0","0","14608","0"
"20","48599549","rs4647954","T","G","","","c.-48T>G","PASS","5' UTR","","1","101222","0","0.000009879","0","8642","0","0","6678","0","1","55780","0","0","5082","0","0","9672","0","0","760","0","0","14608","0"
"20","48599550",".","T","A","","","c.-47T>A","PASS","5' UTR","","1","103336","0","0.000009677","0","8670","0","0","7020","0","1","56854","0","0","5188","0","0","10136","0","0","772","0","0","14696","0"
"20","48599551",".","C","T","","","c.-46C>T","PASS","5' UTR","","1","103150","0","0.000009695","0","8670","0","0","6994","0","1","56708","0","0","5186","0","0","10134","0","0","760","0","0","14698","0"
"20","48599553",".","G","A","","","c.-44G>A","PASS","5' UTR","","1","103272","0","0.000009683","0","8660","0","0","7020","0","0","56770","0","0","5214","0","1","10124","0","0","768","0","0","14716","0"
"20","48599554",".","C","T","","","c.-43C>T","PASS","5' UTR","","8","103174","0","0.00007754","1","8664","0","0","7016","0","4","56736","0","0","5182","0","3","10112","0","0","770","0","0","14694","0"
"20","48599554",".","C","G","","","c.-43C>G","PASS","5' UTR","","8","103174","0","0.00007754","0","8664","0","0","7016","0","8","56736","0","0","5182","0","0","10112","0","0","770","0","0","14694","0"
"20","48599555",".","G","A","","","c.-42G>A","PASS","5' UTR","","2","103356","0","0.00001935","0","8668","0","0","7026","0","2","56806","0","0","5214","0","0","10140","0","0","772","0","0","14730","0"
"20","48599556",".","C","G","","","c.-41C>G","PASS","5' UTR","","60","103634","0","0.0005790","58","8696","0","0","7062","0","0","56972","0","0","5222","0","2","10146","0","0","780","0","0","14756","0"
"20","48599556",".","C","T","","","c.-41C>T","PASS","5' UTR","","1","103634","0","0.000009649","0","8696","0","0","7062","0","1","56972","0","0","5222","0","0","10146","0","0","780","0","0","14756","0"
"20","48599557",".","T","C","","","c.-40T>C","PASS","5' UTR","","1","103794","0","0.000009634","0","8696","0","0","7076","0","1","57090","0","0","5242","0","0","10164","0","0","774","0","0","14752","0"
"20","48599558",".","A","G","","","c.-39A>G","PASS","5' UTR","","1","103830","0","0.000009631","0","8704","0","0","7082","0","1","57086","0","0","5240","0","0","10178","0","0","778","0","0","14762","0"
"20","48599558",".","A","C","","","c.-39A>C","PASS","5' UTR","","1","103830","0","0.000009631","1","8704","0","0","7082","0","0","57086","0","0","5240","0","0","10178","0","0","778","0","0","14762","0"
"20","48599559",".","C","A","","","c.-38C>A","PASS","5' UTR","","1","103848","0","0.000009629","0","8708","0","0","7080","0","1","57094","0","0","5236","0","0","10188","0","0","780","0","0","14762","0"
"20","48599559",".","C","T","","","c.-38C>T","PASS","5' UTR","","2","103848","0","0.00001926","0","8708","0","0","7080","0","2","57094","0","0","5236","0","0","10188","0","0","780","0","0","14762","0"
"20","48599560",".","T","C","","","c.-37T>C","PASS","5' UTR","","6","103974","0","0.00005771","0","8716","0","6","7100","0","0","57168","0","0","5254","0","0","10188","0","0","780","0","0","14768","0"
"20","48599561","rs4647955","G","C","","","c.-36G>C","PASS","5' UTR","","20702","105098","3092","0.1970","6067","9286","1957","786","7144","36","7617","57490","474","624","5320","30","3126","10148","403","143","794","14","2339","14916","178"
"20","48599564",".","G","T","","","c.-33G>T","PASS","5' UTR","","1","106732","0","0.000009369","1","9332","0","0","7268","0","0","58342","0","0","5426","0","0","10580","0","0","800","0","0","14984","0"
"20","48599565",".","C","G","","","c.-32C>G","PASS","5' UTR","","10","106570","0","0.00009384","1","9300","0","0","7256","0","5","58276","0","0","5414","0","4","10562","0","0","798","0","0","14964","0"
"20","48599567",".","C","G","","","c.-30C>G","PASS","5' UTR","","1","107078","0","0.000009339","1","9326","0","0","7316","0","0","58550","0","0","5462","0","0","10618","0","0","802","0","0","15004","0"
"20","48599579",".","C","T","","","c.-18C>T","PASS","5' UTR","","2","110556","0","0.00001809","0","9488","0","0","7782","0","1","60570","0","0","5712","0","0","10872","0","0","820","0","1","15312","0"
"20","48599580",".","C","G","","","c.-17C>G","PASS","5' UTR","","1","110840","0","0.000009022","1","9516","0","0","7820","0","0","60720","0","0","5732","0","0","10894","0","0","826","0","0","15332","0"
"20","48599582",".","A","G","","","c.-15A>G","PASS","5' UTR","","1","111628","0","0.000008958","0","9548","0","1","7932","0","0","61180","0","0","5808","0","0","10932","0","0","830","0","0","15398","0"
"20","48599584",".","T","A","","","c.-13T>A","PASS","5' UTR","","2","112100","0","0.00001784","0","9558","0","2","7960","0","0","61464","0","0","5844","0","0","10976","0","0","830","0","0","15468","0"
"20","48599585",".","G","A","","","c.-12G>A","PASS","5' UTR","","3","112354","0","0.00002670","0","9558","0","0","7982","0","2","61642","0","0","5856","0","0","10974","0","0","830","0","1","15512","0"
"20","48599585",".","G","T","","","c.-12G>T","PASS","5' UTR","","3","112354","0","0.00002670","0","9558","0","0","7982","0","2","61642","0","0","5856","0","0","10974","0","0","830","0","1","15512","0"
"20","48599587",".","C","T","","","c.-10C>T","PASS","5' UTR","","1","112946","0","0.000008854","0","9594","0","0","8026","0","1","62004","0","0","5908","0","0","11016","0","0","848","0","0","15550","0"
"20","48599591",".","A","G","","","c.-6A>G","PASS","5' UTR","","1","113872","0","0.000008782","0","9636","0","0","8120","0","0","62478","0","0","6014","0","0","11094","0","0","852","0","1","15678","0"
"20","48599593",".","C","T","","","c.-4C>T","PASS","5' UTR","","1","114184","0","0.000008758","0","9658","0","0","8138","0","1","62664","0","0","6048","0","0","11114","0","0","852","0","0","15710","0"
"20","48599595","rs138678130","C","T","","","c.-2C>T","PASS","5' UTR","","1","114510","0","0.000008733","1","9690","0","0","8170","0","0","62814","0","0","6082","0","0","11146","0","0","852","0","0","15756","0"
"20","48599596",".","T","C","","","c.-1T>C","PASS","5' UTR","","1","114736","0","0.000008716","0","9710","0","0","8194","0","1","62930","0","0","6110","0","0","11162","0","0","854","0","0","15776","0"
"20","48599601",".","C","T","p.Pro2Leu","p.Pro2Leu","c.5C>T","PASS","missense","","1","115344","0","0.000008670","0","9754","0","0","8252","0","1","63256","0","0","6180","0","0","11208","0","0","858","0","0","15836","0"
"20","48599605",".","C","T","p.Arg3Arg","p.Arg3Arg","c.9C>T","PASS","synonymous","","1","115898","0","0.000008628","0","9794","0","0","8296","0","1","63606","0","0","6208","0","0","11234","0","0","864","0","0","15896","0"
"20","48599614",".","C","T","p.Leu6Leu","p.Leu6Leu","c.18C>T","PASS","synonymous","","1","116592","0","0.000008577","0","9846","0","0","8372","0","1","63966","0","0","6296","0","0","11260","0","0","868","0","0","15984","0"
"20","48599619",".","G","A","p.Arg8Lys","p.Arg8Lys","c.23G>A","PASS","missense","","3","116986","0","0.00002564","0","9882","0","0","8406","0","3","64188","0","0","6316","0","0","11290","0","0","870","0","0","16034","0"
"20","48599626",".","C","G","p.Pro10Pro","p.Pro10Pro","c.30C>G","PASS","synonymous","","1","117178","0","0.000008534","0","9920","0","0","8422","0","1","64272","0","0","6348","0","0","11304","0","0","872","0","0","16040","0"
"20","48599628",".","C","G","p.Ser11Cys","p.Ser11Cys","c.32C>G","PASS","missense","","1","117204","0","0.000008532","0","9934","0","1","8422","0","0","64296","0","0","6348","0","0","11302","0","0","870","0","0","16032","0"
"20","48599628",".","C","T","p.Ser11Phe","p.Ser11Phe","c.32C>T","PASS","missense","","1","117204","0","0.000008532","0","9934","0","0","8422","0","1","64296","0","0","6348","0","0","11302","0","0","870","0","0","16032","0"
"20","48599629",".","C","G","p.Ser11Ser","p.Ser11Ser","c.33C>G","PASS","synonymous","","1","117106","0","0.000008539","1","9910","0","0","8412","0","0","64252","0","0","6342","0","0","11298","0","0","870","0","0","16022","0"
"20","48599637",".","A","G","p.Asn14Ser","p.Asn14Ser","c.41A>G","PASS","missense","","3","117150","0","0.00002561","0","9910","0","2","8442","0","0","64282","0","0","6336","0","1","11284","0","0","872","0","0","16024","0"
"20","48599648",".","A","G","p.Asn18Asp","p.Asn18Asp","c.52A>G","PASS","missense","","1","116346","0","0.000008595","0","9802","0","0","8382","0","0","63888","0","0","6284","0","1","11220","0","0","862","0","0","15908","0"
"20","48599667",".","A","C","p.Asp24Ala","p.Asp24Ala","c.71A>C","PASS","missense","","1","114264","0","0.000008752","0","9612","0","0","8170","0","1","62854","0","0","6098","0","0","11004","0","0","848","0","0","15678","0"
"20","48599667",".","A","T","p.Asp24Val","p.Asp24Val","c.71A>T","PASS","missense","","1","114264","0","0.000008752","0","9612","0","0","8170","0","1","62854","0","0","6098","0","0","11004","0","0","848","0","0","15678","0"
"20","48599668",".","C","T","p.Asp24Asp","p.Asp24Asp","c.72C>T","PASS","synonymous","","1","114262","0","0.000008752","0","9604","0","0","8170","0","1","62862","0","0","6098","0","0","11004","0","0","848","0","0","15676","0"
"20","48599670",".","C","G","p.Ser25Cys","p.Ser25Cys","c.74C>G","PASS","missense","","5","113844","0","0.00004392","1","9554","0","0","8132","0","0","62640","0","0","6082","0","4","10954","0","0","840","0","0","15642","0"
"20","48599674","rs145342464","T","C","p.Asn26Asn","p.Asn26Asn","c.78T>C","PASS","synonymous","","1","112874","0","0.000008859","0","9452","0","0","8026","0","1","62188","0","0","6032","0","0","10832","0","0","824","0","0","15520","0"
"20","48599685",".","T","TG","c.82+9dupG","","c.82+9dupG","PASS","splice region","","1","110582","0","0.000009043","0","9280","0","0","7762","0","1","60938","0","0","5910","0","0","10566","0","0","806","0","0","15320","0"
"20","48599700",".","C","G","","","c.82+22C>G","PASS","intron","","1","106552","0","0.000009385","1","8884","0","0","7276","0","0","58838","0","0","5674","0","0","10088","0","0","786","0","0","15006","0"
"20","48599709",".","G","A","","","c.82+31G>A","PASS","intron","","1","104294","0","0.000009588","1","8658","0","0","7054","0","0","57582","0","0","5554","0","0","9852","0","0","780","0","0","14814","0"
"20","48599729",".","G","C","","","c.82+51G>C","PASS","intron","","1","93026","0","0.00001075","1","7572","0","0","5938","0","0","51480","0","0","4950","0","0","8416","0","0","710","0","0","13960","0"
"20","48599729",".","G","A","","","c.82+51G>A","PASS","intron","","1","93026","0","0.00001075","0","7572","0","0","5938","0","1","51480","0","0","4950","0","0","8416","0","0","710","0","0","13960","0"
"20","48599730",".","G","T","","","c.82+52G>T","PASS","intron","","540","93164","2","0.005796","6","7586","0","0","5974","0","376","51520","1","90","4956","0","19","8436","0","10","714","0","39","13978","1"
"20","48599730",".","G","A","","","c.82+52G>A","PASS","intron","","1","93164","0","0.00001073","0","7586","0","1","5974","0","0","51520","0","0","4956","0","0","8436","0","0","714","0","0","13978","0"
"20","48600313",".","T","C","","","c.83-48T>C","PASS","intron","","1","108532","0","0.000009214","0","9644","0","0","8340","0","0","62556","0","0","6588","0","1","11378","0","0","766","0","0","9260","0"
"20","48600317",".","G","C","","","c.83-44G>C","PASS","intron","","1","108566","0","0.000009211","0","9654","0","0","8342","0","1","62576","0","0","6588","0","0","11378","0","0","768","0","0","9260","0"
"20","48600322",".","T","G","","","c.83-39T>G","PASS","intron","","2","108718","0","0.00001840","0","9672","0","0","8348","0","2","62660","0","0","6588","0","0","11378","0","0","766","0","0","9306","0"
"20","48600330",".","T","C","","","c.83-31T>C","PASS","intron","","3","108932","0","0.00002754","0","9712","0","2","8360","0","1","62740","0","0","6588","0","0","11378","0","0","768","0","0","9386","0"
"20","48600335","rs111949175","G","A","","","c.83-26G>A","PASS","intron","","1082","109320","22","0.009898","300","9786","4","413","8382","15","59","62822","0","1","6588","0","205","11378","3","5","774","0","99","9590","0"
"20","48600336","rs186142602","C","T","","","c.83-25C>T","PASS","intron","","39","109470","0","0.0003563","0","9784","0","37","8396","0","1","62884","0","0","6590","0","0","11378","0","0","784","0","1","9654","0"
"20","48600338",".","T","A","","","c.83-23T>A","PASS","intron","","1","109748","0","0.000009112","0","9810","0","0","8402","0","0","62992","0","1","6592","0","0","11382","0","0","786","0","0","9784","0"
"20","48600340",".","ACT","A","","","c.83-18_83-17delCT","PASS","intron","","1","109954","0","0.000009095","0","9834","0","0","8404","0","1","63070","0","0","6592","0","0","11386","0","0","784","0","0","9884","0"
"20","48600346",".","C","T","","","c.83-15C>T","PASS","intron","","1","110618","0","0.000009040","0","9880","0","0","8416","0","1","63358","0","0","6590","0","0","11398","0","0","794","0","0","10182","0"
"20","48600352",".","C","G","","","c.83-9C>G","PASS","intron","","2","111336","0","0.00001796","0","9926","0","0","8440","0","2","63572","0","0","6592","0","0","11410","0","0","802","0","0","10594","0"
"20","48600355",".","C","T","c.83-6C>T","","c.83-6C>T","PASS","splice region","","6","111926","0","0.00005361","0","9956","0","0","8452","0","5","63770","0","0","6592","0","0","11414","0","0","800","0","1","10942","0"
"20","48600358",".","C","T","c.83-3C>T","","c.83-3C>T","PASS","splice region","","1","112552","0","0.000008885","0","9990","0","0","8464","0","1","63928","0","0","6592","0","0","11420","0","0","810","0","0","11348","0"
"20","48600359",".","A","T","c.83-2A>T","","c.83-2A>T","PASS","splice acceptor","","1","112796","0","0.000008866","0","9990","0","0","8474","0","1","64016","0","0","6592","0","0","11424","0","0","814","0","0","11486","0"
"20","48600374",".","G","T","p.Gln32His","p.Gln32His","c.96G>T","PASS","missense","","1","115260","0","0.000008676","0","10122","0","0","8556","0","1","64746","0","0","6604","0","0","11470","0","0","832","0","0","12930","0"
"20","48600379",".","C","T","p.Pro34Leu","p.Pro34Leu","c.101C>T","PASS","missense","","1","116156","0","0.000008609","0","10160","0","1","8558","0","0","65016","0","0","6606","0","0","11484","0","0","846","0","0","13486","0"
"20","48600381",".","T","C","p.Tyr35His","p.Tyr35His","c.103T>C","PASS","missense","","1","116466","0","0.000008586","0","10162","0","1","8562","0","0","65136","0","0","6606","0","0","11492","0","0","848","0","0","13660","0"
"20","48600383",".","C","T","p.Tyr35Tyr","p.Tyr35Tyr","c.105C>T","PASS","synonymous","","1","116636","0","0.000008574","0","10162","0","0","8568","0","0","65162","0","0","6606","0","1","11496","0","0","852","0","0","13790","0"
"20","48600386",".","C","T","p.Asp36Asp","p.Asp36Asp","c.108C>T","PASS","synonymous","","1","117236","0","0.000008530","0","10184","0","0","8576","0","0","65342","0","0","6606","0","0","11506","0","0","866","0","1","14156","0"
"20","48600392",".","C","T","p.Ala38Ala","p.Ala38Ala","c.114C>T","PASS","synonymous","","1","118098","0","0.000008468","1","10218","0","0","8584","0","0","65614","0","0","6608","0","0","11520","0","0","874","0","0","14680","0"
"20","48600406",".","C","A","p.Ala43Asp","p.Ala43Asp","c.128C>A","PASS","missense","","1","119288","0","0.000008383","0","10276","0","0","8594","0","1","65978","0","0","6608","0","0","11540","0","0","882","0","0","15410","0"
"20","48600408",".","A","G","p.Ile44Val","p.Ile44Val","c.130A>G","PASS","missense","","1","119516","0","0.000008367","0","10282","0","0","8598","0","1","66056","0","0","6608","0","0","11544","0","0","890","0","0","15538","0"
"20","48600411",".","C","A","p.Pro45Thr","p.Pro45Thr","c.133C>A","PASS","missense","","1","119698","0","0.000008354","0","10288","0","0","8602","0","1","66098","0","0","6608","0","0","11542","0","0","896","0","0","15664","0"
"20","48600425",".","C","G","p.Ile49Met","p.Ile49Met","c.147C>G","PASS","missense","","1","120426","0","0.000008304","0","10324","0","0","8612","0","1","66310","0","0","6610","0","0","11554","0","0","900","0","0","16116","0"
"20","48600434",".","C","T","p.Pro52Pro","p.Pro52Pro","c.156C>T","PASS","synonymous","","5","120672","0","0.00004143","0","10326","0","0","8618","0","0","66378","0","0","6610","0","0","11556","0","0","900","0","5","16284","0"
"20","48600438",".","G","A","p.Ala54Thr","p.Ala54Thr","c.160G>A","PASS","missense","","1","120780","0","0.000008280","0","10326","0","0","8624","0","1","66414","0","0","6612","0","0","11556","0","0","902","0","0","16346","0"
"20","48600442","rs137950928","C","T","p.Ser55Leu","p.Ser55Leu","c.164C>T","PASS","missense","","2","120830","0","0.00001655","2","10328","0","0","8624","0","0","66426","0","0","6612","0","0","11556","0","0","902","0","0","16382","0"
"20","48600443","rs141611392","G","A","p.Ser55Ser","p.Ser55Ser","c.165G>A","PASS","synonymous","","7","120824","0","0.00005794","1","10324","0","0","8624","0","6","66420","0","0","6612","0","0","11556","0","0","902","0","0","16386","0"
"20","48600450",".","A","G","p.Met58Val","p.Met58Val","c.172A>G","PASS","missense","","1","120884","0","0.000008272","0","10330","0","0","8624","0","1","66448","0","0","6610","0","0","11556","0","0","904","0","0","16412","0"
"20","48600454",".","T","A","p.Leu59His","p.Leu59His","c.176T>A","PASS","missense","","1","120880","0","0.000008273","0","10330","0","0","8622","0","1","66442","0","0","6612","0","0","11556","0","0","902","0","0","16416","0"
"20","48600455",".","C","T","p.Leu59Leu","p.Leu59Leu","c.177C>T","PASS","synonymous","","1","120880","0","0.000008273","1","10334","0","0","8622","0","0","66438","0","0","6612","0","0","11554","0","0","902","0","0","16418","0"
"20","48600457",".","T","G","p.Ile60Ser","p.Ile60Ser","c.179T>G","PASS","missense","","1","120888","0","0.000008272","0","10336","0","0","8620","0","1","66440","0","0","6612","0","0","11556","0","0","902","0","0","16422","0"
"20","48600475","rs34261470","C","T","p.Ala66Val","p.Ala66Val","c.197C>T","PASS","missense","","952","120824","44","0.007879","763","10320","40","2","8616","0","16","66390","0","0","6612","0","36","11558","1","3","902","0","132","16426","3"
"20","48600475","rs34261470","C","A","p.Ala66Glu","p.Ala66Glu","c.197C>A","PASS","missense","","2","120824","0","0.00001655","0","10320","0","0","8616","0","2","66390","0","0","6612","0","0","11558","0","0","902","0","0","16426","0"
"20","48600476",".","G","T","p.Ala66Ala","p.Ala66Ala","c.198G>T","PASS","synonymous","","1","120790","0","0.000008279","0","10298","0","0","8616","0","0","66382","0","0","6610","0","1","11558","0","0","902","0","0","16424","0"
"20","48600476",".","G","A","p.Ala66Ala","p.Ala66Ala","c.198G>A","PASS","synonymous","","1","120790","0","0.000008279","0","10298","0","0","8616","0","0","66382","0","0","6610","0","0","11558","0","0","902","0","1","16424","0"
"20","48600482",".","A","C","p.Gln68His","p.Gln68His","c.204A>C","PASS","missense","","5","120796","0","0.00004139","0","10288","0","0","8616","0","4","66398","0","0","6610","0","1","11558","0","0","902","0","0","16424","0"
"20","48600486",".","C","T","p.Gln70Ter","p.Gln70Ter","c.208C>T","PASS","stop gained","","1","120764","0","0.000008281","0","10274","0","0","8618","0","1","66370","0","0","6610","0","0","11558","0","0","902","0","0","16432","0"
"20","48600487",".","A","C","p.Gln70Pro","p.Gln70Pro","c.209A>C","PASS","missense","","3","120770","0","0.00002484","0","10272","0","0","8618","0","3","66376","0","0","6610","0","0","11558","0","0","902","0","0","16434","0"
"20","48600502",".","C","T","p.Ala75Val","p.Ala75Val","c.224C>T","PASS","missense","","1","120530","0","0.000008297","0","10194","0","1","8616","0","0","66238","0","0","6610","0","0","11552","0","0","902","0","0","16418","0"
"20","48600506",".","C","T","p.Ser76Ser","p.Ser76Ser","c.228C>T","PASS","synonymous","","1","120404","0","0.000008305","1","10146","0","0","8614","0","0","66176","0","0","6610","0","0","11550","0","0","902","0","0","16406","0"
"20","48600508",".","T","G","p.Leu77Arg","p.Leu77Arg","c.230T>G","PASS","missense","","1","120398","0","0.000008306","0","10148","0","0","8614","0","1","66170","0","0","6610","0","0","11550","0","0","902","0","0","16404","0"
"20","48600511",".","G","A","p.Arg78Gln","p.Arg78Gln","c.233G>A","PASS","missense","","2","120320","0","0.00001662","0","10112","0","0","8616","0","0","66148","0","0","6610","0","2","11546","0","0","902","0","0","16386","0"
"20","48600518",".","G","C","p.Gln80His","p.Gln80His","c.240G>C","PASS","missense","","4","120286","0","0.00003325","0","10098","0","0","8614","0","0","66150","0","0","6610","0","0","11550","0","0","902","0","4","16362","0"
"20","48600537",".","G","A","p.Glu87Lys","p.Glu87Lys","c.259G>A","PASS","missense","","1","120382","0","0.000008307","0","10150","0","0","8610","0","0","66224","0","0","6606","0","0","11550","0","0","902","0","1","16340","0"
"20","48600541",".","T","C","p.Leu88Pro","p.Leu88Pro","c.263T>C","PASS","missense","","4","120376","0","0.00003323","0","10150","0","4","8610","0","0","66218","0","0","6608","0","0","11550","0","0","902","0","0","16338","0"
"20","48600554",".","A","G","p.Ser92Ser","p.Ser92Ser","c.276A>G","PASS","synonymous","","1","120386","0","0.000008307","0","10176","0","0","8606","0","1","66226","0","0","6608","0","0","11552","0","0","902","0","0","16316","0"
"20","48600557","rs4647959","T","C","p.Asp93Asp","p.Asp93Asp","c.279T>C","PASS","synonymous","","22674","120536","3512","0.1881","6639","10296","2155","870","8592","44","8398","66270","580","696","6600","34","3425","11552","495","156","900","14","2490","16326","190"
"20","48600563","rs147337237","C","T","p.Asp95Asp","p.Asp95Asp","c.285C>T","PASS","synonymous","","3","120502","0","0.00002490","0","10282","0","0","8610","0","3","66234","0","0","6608","0","0","11556","0","0","902","0","0","16310","0"
"20","48600575",".","C","T","p.Gly99Gly","p.Gly99Gly","c.297C>T","PASS","synonymous","","6","120504","0","0.00004979","1","10266","0","0","8612","0","4","66236","0","0","6608","0","1","11562","0","0","904","0","0","16316","0"
"20","48600582",".","C","T","p.Pro102Ser","p.Pro102Ser","c.304C>T","PASS","missense","","3","120490","0","0.00002490","0","10242","0","0","8610","0","2","66224","0","0","6608","0","1","11566","0","0","902","0","0","16338","0"
"20","48600593",".","A","C","p.Pro105Pro","p.Pro105Pro","c.315A>C","PASS","synonymous","","2","120584","0","0.00001659","0","10252","0","0","8614","0","2","66246","0","0","6606","0","0","11566","0","0","904","0","0","16396","0"
"20","48600602",".","G","A","p.Pro108Pro","p.Pro108Pro","c.324G>A","PASS","synonymous","","3","120666","0","0.00002486","1","10262","0","1","8614","0","1","66288","0","0","6608","0","0","11566","0","0","906","0","0","16422","0"
"20","48600606",".","C","T","p.Pro110Ser","p.Pro110Ser","c.328C>T","PASS","missense","","1","120728","0","0.000008283","0","10274","0","0","8616","0","1","66314","0","0","6608","0","0","11566","0","0","906","0","0","16444","0"
"20","48600610",".","C","T","p.Ser111Leu","p.Ser111Leu","c.332C>T","PASS","missense","","3","120758","0","0.00002484","1","10274","0","2","8616","0","0","66330","0","0","6606","0","0","11566","0","0","906","0","0","16460","0"
"20","48600611","rs140920547","G","A","p.Ser111Ser","p.Ser111Ser","c.333G>A","PASS","synonymous","","7","120818","0","0.00005794","1","10288","0","0","8624","0","5","66358","0","0","6608","0","0","11566","0","0","906","0","1","16468","0"
"20","48600611","rs140920547","G","C","p.Ser111Ser","p.Ser111Ser","c.333G>C","PASS","synonymous","","1","120818","0","0.000008277","0","10288","0","0","8624","0","0","66358","0","0","6608","0","1","11566","0","0","906","0","0","16468","0"
"20","48600616",".","TCTC","T","p.Ser115del","p.Ser115del","c.342_344delCTC","PASS","inframe deletion","","6","120882","0","0.00004964","0","10294","0","0","8628","0","5","66386","0","0","6610","0","1","11566","0","0","906","0","0","16492","0"
"20","48600619",".","C","T","p.Ser114Phe","p.Ser114Phe","c.341C>T","PASS","missense","","1","120882","0","0.000008273","0","10300","0","0","8630","0","0","66376","0","0","6610","0","1","11564","0","0","906","0","0","16496","0"
"20","48600629",".","A","T","p.Ser117Ser","p.Ser117Ser","c.351A>T","PASS","synonymous","","1","120942","0","0.000008268","0","10316","0","0","8638","0","0","66402","0","0","6612","0","1","11566","0","0","906","0","0","16502","0"
"20","48600630",".","G","T","p.Val118Phe","p.Val118Phe","c.352G>T","PASS","missense","","1","120950","0","0.000008268","0","10314","0","0","8638","0","1","66410","0","0","6612","0","0","11568","0","0","906","0","0","16502","0"
"20","48600631","rs4647958","T","C","p.Val118Ala","p.Val118Ala","c.353T>C","PASS","missense","","22764","121040","3535","0.1881","6685","10376","2171","870","8632","43","8419","66450","585","698","6606","35","3426","11566","494","156","906","14","2510","16504","193"
"20","48600640",".","T","C","p.Leu121Ser","p.Leu121Ser","c.362T>C","PASS","missense","","1","120992","0","0.000008265","0","10328","0","0","8638","0","1","66430","0","0","6614","0","0","11568","0","0","906","0","0","16508","0"
"20","48600647",".","C","T","p.Ala123Ala","p.Ala123Ala","c.369C>T","PASS","synonymous","","3","120988","0","0.00002480","0","10322","0","0","8638","0","1","66432","0","0","6614","0","0","11570","0","0","904","0","2","16508","0"
"20","48600648",".","G","A","p.Glu124Lys","p.Glu124Lys","c.370G>A","PASS","missense","","1","120982","0","0.000008266","0","10318","0","0","8640","0","1","66428","0","0","6614","0","0","11570","0","0","904","0","0","16508","0"
"20","48600648",".","G","C","p.Glu124Gln","p.Glu124Gln","c.370G>C","PASS","missense","","1","120982","0","0.000008266","0","10318","0","0","8640","0","0","66428","0","0","6614","0","1","11570","0","0","904","0","0","16508","0"
"20","48600652",".","C","T","p.Ala125Val","p.Ala125Val","c.374C>T","PASS","missense","","1","120996","0","0.000008265","0","10320","0","0","8640","0","0","66438","0","0","6614","0","1","11572","0","0","904","0","0","16508","0"
"20","48600652",".","C","A","p.Ala125Asp","p.Ala125Asp","c.374C>A","PASS","missense","","1","120996","0","0.000008265","0","10320","0","0","8640","0","0","66438","0","0","6614","0","1","11572","0","0","904","0","0","16508","0"
"20","48600655",".","A","G","p.Tyr126Cys","p.Tyr126Cys","c.377A>G","PASS","missense","","3","121000","1","0.00002479","0","10318","0","0","8640","0","0","66444","0","0","6614","0","0","11572","0","0","904","0","3","16508","1"
"20","48600670",".","G","A","p.Gly131Asp","p.Gly131Asp","c.392G>A","PASS","missense","","1","120890","0","0.000008272","1","10278","0","0","8634","0","0","66388","0","0","6612","0","0","11568","0","0","902","0","0","16508","0"
"20","48600680",".","A","G","p.Gln134Gln","p.Gln134Gln","c.402A>G","PASS","synonymous","","1","120862","0","0.000008274","0","10268","0","0","8632","0","0","66370","0","0","6612","0","0","11568","0","0","904","0","1","16508","0"
"20","48600688",".","A","G","p.Lys137Arg","p.Lys137Arg","c.410A>G","PASS","missense","","1","120840","0","0.000008275","1","10264","0","0","8632","0","0","66352","0","0","6612","0","0","11570","0","0","904","0","0","16506","0"
"20","48600689",".","G","T","p.Lys137Asn","p.Lys137Asn","c.411G>T","PASS","missense","","4","120846","0","0.00003310","0","10264","0","0","8632","0","4","66358","0","0","6612","0","0","11570","0","0","904","0","0","16506","0"
"20","48600691",".","A","T","p.Gln138Leu","p.Gln138Leu","c.413A>T","PASS","missense","","3","120840","0","0.00002483","0","10268","0","0","8632","0","0","66352","0","3","6612","0","0","11566","0","0","904","0","0","16506","0"
"20","48600691",".","A","C","p.Gln138Pro","p.Gln138Pro","c.413A>C","PASS","missense","","1","120840","0","0.000008275","0","10268","0","0","8632","0","1","66352","0","0","6612","0","0","11566","0","0","904","0","0","16506","0"
"20","48600695",".","G","A","p.Leu139Leu","p.Leu139Leu","c.417G>A","PASS","synonymous","","1","120832","0","0.000008276","0","10266","0","1","8632","0","0","66346","0","0","6612","0","0","11566","0","0","904","0","0","16506","0"
"20","48600737",".","C","T","p.Ala153Ala","p.Ala153Ala","c.459C>T","PASS","synonymous","","1","120784","0","0.000008279","0","10298","0","0","8620","0","0","66328","0","0","6586","0","0","11544","0","0","902","0","1","16506","0"
"20","48600742",".","A","C","p.Asn155Thr","p.Asn155Thr","c.464A>C","PASS","missense","","1","120752","0","0.000008281","0","10294","0","0","8618","0","1","66316","0","0","6574","0","0","11540","0","0","902","0","0","16508","0"
"20","48600760",".","A","G","p.Lys161Arg","p.Lys161Arg","c.482A>G","PASS","missense","","1","120670","0","0.000008287","0","10294","0","0","8606","0","1","66272","0","0","6566","0","0","11524","0","0","902","0","0","16506","0"
"20","48600768",".","C","T","p.Leu164Phe","p.Leu164Phe","c.490C>T","PASS","missense","","2","120566","0","0.00001659","0","10300","0","0","8608","0","0","66204","0","0","6544","0","0","11516","0","0","900","0","2","16494","0"
"20","48600770",".","C","T","p.Leu164Leu","p.Leu164Leu","c.492C>T","PASS","synonymous","","1","120538","0","0.000008296","1","10298","0","0","8608","0","0","66184","0","0","6542","0","0","11514","0","0","900","0","0","16492","0"
"20","48600780",".","G","T","p.Ala168Ser","p.Ala168Ser","c.502G>T","PASS","missense","","1","120364","0","0.000008308","0","10290","0","0","8594","0","0","66096","0","0","6508","0","0","11496","0","0","900","0","1","16480","0"
"20","48600781",".","C","T","p.Ala168Val","p.Ala168Val","c.503C>T","PASS","missense","","1","120342","0","0.000008310","0","10290","0","0","8588","0","1","66094","0","0","6502","0","0","11492","0","0","900","0","0","16476","0"
"20","48600808",".","C","T","p.Thr177Met","p.Thr177Met","c.530C>T","PASS","missense","","1","116846","0","0.000008558","0","10214","0","0","8244","0","1","64184","0","0","6082","0","0","11166","0","0","876","0","0","16080","0"
"20","48600809","rs1063210","G","A","p.Thr177Thr","p.Thr177Thr","c.531G>A","PASS","synonymous","","22506","116442","3421","0.1933","6616","10198","2140","868","8208","42","8354","64032","558","682","6062","32","3327","10998","446","153","872","12","2506","16072","191"
"20","48600809","rs1063210","G","T","p.Thr177Thr","p.Thr177Thr","c.531G>T","PASS","synonymous","","4","116442","0","0.00003435","1","10198","0","0","8208","0","3","64032","0","0","6062","0","0","10998","0","0","872","0","0","16072","0"
"20","48600814",".","C","A","p.Pro179His","p.Pro179His","c.536C>A","PASS","missense","","1","110892","0","0.000009018","0","9098","0","0","7920","0","0","61694","0","0","5662","0","1","10110","0","0","840","0","0","15568","0"
"20","48600818",".","C","T","p.Cys180Cys","p.Cys180Cys","c.540C>T","PASS","synonymous","","5","109336","0","0.00004573","0","8964","0","1","7770","0","3","60874","0","0","5546","0","1","9926","0","0","832","0","0","15424","0"
"20","48600819",".","G","C","p.Val181Leu","p.Val181Leu","c.541G>C","PASS","missense","","1","108882","0","0.000009184","0","8930","0","0","7744","0","1","60624","0","0","5524","0","0","9844","0","0","830","0","0","15386","0"
"20","48600819",".","G","A","p.Val181Ile","p.Val181Ile","c.541G>A","PASS","missense","","2","108882","0","0.00001837","1","8930","0","0","7744","0","0","60624","0","1","5524","0","0","9844","0","0","830","0","0","15386","0"
"20","48600821",".","C","T","p.Val181Val","p.Val181Val","c.543C>T","PASS","synonymous","","1","102928","0","0.000009716","0","8434","0","0","7224","0","0","57470","0","0","5082","0","0","9060","0","0","798","0","1","14860","0"
"20","48600824",".","C","T","p.Cys182Cys","p.Cys182Cys","c.546C>T","PASS","synonymous","","6","102620","0","0.00005847","0","8402","0","0","7192","0","3","57324","0","0","5058","0","1","8998","0","0","794","0","2","14852","0"
"20","48600825",".","G","A","p.Gly183Arg","p.Gly183Arg","c.547G>A","PASS","missense","","2","101150","0","0.00001977","0","8276","0","0","7118","0","1","56558","0","0","4928","0","0","8812","0","0","774","0","1","14684","0"
"20","48600854",".","C","G","p.Pro192Pro","p.Pro192Pro","c.576C>G","PASS","synonymous","","2","83216","0","0.00002403","0","7024","0","0","5674","0","0","46252","0","0","3872","0","0","6590","0","0","652","0","2","13152","0"
"20","48600861",".","C","T","p.Leu195Leu","p.Leu195Leu","c.583C>T","PASS","synonymous","","2","79512","0","0.00002515","0","6708","0","0","5396","0","0","44138","0","0","3678","0","0","6210","0","0","632","0","2","12750","0"
"20","48600863",".","A","G","p.Leu195Leu","p.Leu195Leu","c.585A>G","PASS","synonymous","","2","78346","0","0.00002553","0","6650","0","0","5346","0","2","43436","0","0","3592","0","0","6092","0","0","624","0","0","12606","0"
"20","48600863",".","A","C","p.Leu195Leu","p.Leu195Leu","c.585A>C","PASS","synonymous","","1","78346","0","0.00001276","0","6650","0","0","5346","0","0","43436","0","0","3592","0","1","6092","0","0","624","0","0","12606","0"
"20","48600887",".","T","C","c.609T>C","p.Thr203Thr","c.609T>C","PASS","splice region","","1","58914","0","0.00001697","1","5118","0","0","3962","0","0","32454","0","0","2436","0","0","4240","0","0","464","0","0","10240","0"
"20","48600892",".","C","T","c.610+4C>T","","c.610+4C>T","PASS","splice region","","1","52764","0","0.00001895","0","4560","0","0","3502","0","0","28996","0","0","2112","0","0","3616","0","0","422","0","1","9556","0"
"20","48600893",".","G","A","c.610+5G>A","","c.610+5G>A","PASS","splice region","","1","52442","0","0.00001907","0","4548","0","0","3506","0","1","28726","0","0","2100","0","0","3602","0","0","424","0","0","9536","0"
"20","48600905",".","G","A","","","c.610+17G>A","PASS","intron","","1","37694","0","0.00002653","0","3348","0","1","2322","0","0","20532","0","0","1340","0","0","2168","0","0","298","0","0","7686","0"
"20","48600907",".","G","A","","","c.610+19G>A","PASS","intron","","1","33802","0","0.00002958","0","2986","0","0","2090","0","1","18312","0","0","1164","0","0","1848","0","0","282","0","0","7120","0"
"20","48600915",".","C","G","","","c.610+27C>G","PASS","intron","","1","27524","0","0.00003633","0","2514","0","0","1682","0","0","14672","0","0","860","0","1","1392","0","0","232","0","0","6172","0"
"20","48600917",".","T","C","","","c.610+29T>C","PASS","intron","","1","24886","0","0.00004018","0","2282","0","0","1502","0","1","13222","0","0","744","0","0","1200","0","0","216","0","0","5720","0"
"20","48600924","rs4647957","C","T","","","c.610+36C>T","PASS","intron","","3866","20436","282","0.1892","542","2050","58","152","1212","4","1797","10660","106","87","556","5","292","994","29","35","194","4","961","4770","76"
"20","48600924","rs4647957","C","G","","","c.610+36C>G","PASS","intron","","1","20436","0","0.00004893","1","2050","0","0","1212","0","0","10660","0","0","556","0","0","994","0","0","194","0","0","4770","0"
"20","48600940",".","G","T","","","c.610+52G>T","PASS","intron","","1","12214","0","0.00008187","0","1480","0","0","788","0","0","6576","0","0","234","0","0","498","0","0","112","0","1","2526","0"
"20","48604358",".","G","GCCAGC","","","c.611-49_611-45dupCAGCC","PASS","intron","","1","120008","0","0.000008333","1","10258","0","0","8560","0","0","65954","0","0","6454","0","0","11488","0","0","892","0","0","16402","0"
"20","48604358",".","G","A","","","c.611-51G>A","PASS","intron","","1","120008","0","0.000008333","0","10258","0","0","8560","0","1","65954","0","0","6454","0","0","11488","0","0","892","0","0","16402","0"
"20","48604364",".","C","T","","","c.611-45C>T","PASS","intron","","68","120094","0","0.0005662","0","10276","0","1","8566","0","0","65986","0","0","6460","0","2","11500","0","0","894","0","65","16412","0"
"20","48604365",".","G","A","","","c.611-44G>A","PASS","intron","","3","120146","0","0.00002497","0","10274","0","0","8576","0","2","66010","0","0","6456","0","0","11508","0","0","892","0","1","16430","0"
"20","48604365",".","G","T","","","c.611-44G>T","PASS","intron","","1","120146","0","0.000008323","1","10274","0","0","8576","0","0","66010","0","0","6456","0","0","11508","0","0","892","0","0","16430","0"
"20","48604372",".","C","T","","","c.611-37C>T","PASS","intron","","5","120234","0","0.00004159","0","10292","0","0","8576","0","0","66054","0","0","6476","0","5","11514","0","0","892","0","0","16430","0"
"20","48604372",".","C","G","","","c.611-37C>G","PASS","intron","","1","120234","0","0.000008317","0","10292","0","1","8576","0","0","66054","0","0","6476","0","0","11514","0","0","892","0","0","16430","0"
"20","48604374",".","C","T","","","c.611-35C>T","PASS","intron","","4","120244","0","0.00003327","0","10292","0","0","8582","0","4","66074","0","0","6468","0","0","11510","0","0","896","0","0","16422","0"
"20","48604375",".","G","A","","","c.611-34G>A","PASS","intron","","2","120310","0","0.00001662","0","10296","0","0","8584","0","2","66080","0","0","6490","0","0","11518","0","0","896","0","0","16446","0"
"20","48604384",".","G","A","","","c.611-25G>A","PASS","intron","","1","120512","0","0.000008298","0","10312","0","0","8606","0","0","66198","0","0","6498","0","1","11532","0","0","898","0","0","16468","0"
"20","48604387",".","CT","C","","","c.611-19delT","PASS","intron","","3","120580","0","0.00002488","0","10318","0","0","8612","0","0","66242","0","0","6508","0","3","11530","0","0","898","0","0","16472","0"
"20","48604395",".","C","T","","","c.611-14C>T","PASS","intron","","15","120648","0","0.0001243","0","10328","0","0","8616","0","5","66274","0","0","6510","0","10","11542","0","0","900","0","0","16478","0"
"20","48604396",".","G","A","","","c.611-13G>A","PASS","intron","","47","120724","0","0.0003893","0","10344","0","0","8618","0","0","66310","0","0","6520","0","1","11546","0","0","900","0","46","16486","0"
"20","48604401",".","C","G","c.611-8C>G","","c.611-8C>G","PASS","splice region","","3","120822","0","0.00002483","0","10356","0","0","8622","0","0","66370","0","0","6530","0","3","11556","0","0","902","0","0","16486","0"
"20","48604401",".","C","CT","c.611-7dupT","","c.611-7dupT","PASS","splice region","","1","120822","0","0.000008277","1","10356","0","0","8622","0","0","66370","0","0","6530","0","0","11556","0","0","902","0","0","16486","0"
"20","48604403",".","C","A","c.611-6C>A","","c.611-6C>A","PASS","splice region","","1","120854","0","0.000008274","0","10360","0","0","8624","0","1","66384","0","0","6536","0","0","11556","0","0","904","0","0","16490","0"
"20","48604403",".","C","T","c.611-6C>T","","c.611-6C>T","PASS","splice region","","1","120854","0","0.000008274","1","10360","0","0","8624","0","0","66384","0","0","6536","0","0","11556","0","0","904","0","0","16490","0"
"20","48604410",".","C","T","c.612C>T","p.Gly204Gly","c.612C>T","PASS","splice region","","3","120970","0","0.00002480","0","10374","0","0","8636","0","2","66448","0","0","6544","0","0","11562","0","0","906","0","1","16500","0"
"20","48604423",".","T","C","p.Ser209Pro","p.Ser209Pro","c.625T>C","PASS","missense","","1","121156","0","0.000008254","0","10392","0","0","8644","0","0","66564","0","0","6566","0","0","11572","0","0","906","0","1","16512","0"
"20","48604441",".","C","T","p.Arg215Cys","p.Arg215Cys","c.643C>T","PASS","missense","","1","121268","0","0.000008246","1","10398","0","0","8648","0","0","66650","0","0","6582","0","0","11574","0","0","906","0","0","16510","0"
"20","48604442",".","G","A","p.Arg215His","p.Arg215His","c.644G>A","PASS","missense","","1","121272","0","0.000008246","0","10396","0","0","8650","0","0","66652","0","1","6584","0","0","11574","0","0","906","0","0","16510","0"
"20","48604449",".","C","T","p.Phe217Phe","p.Phe217Phe","c.651C>T","PASS","synonymous","","1","121290","0","0.000008245","0","10398","0","0","8652","0","1","66660","0","0","6590","0","0","11574","0","0","906","0","0","16510","0"
"20","48604465",".","C","T","p.Leu223Leu","p.Leu223Leu","c.667C>T","PASS","synonymous","","1","121312","0","0.000008243","0","10400","0","0","8652","0","0","66682","0","0","6590","0","0","11574","0","0","906","0","1","16508","0"
"20","48604472",".","C","G","p.Ala225Gly","p.Ala225Gly","c.674C>G","PASS","missense","","1","121312","0","0.000008243","0","10402","0","0","8652","0","0","66680","0","0","6590","0","0","11574","0","0","906","0","1","16508","0"
"20","48604479",".","C","T","p.Leu227Leu","p.Leu227Leu","c.681C>T","PASS","synonymous","","1","121322","0","0.000008243","1","10404","0","0","8652","0","0","66686","0","0","6594","0","0","11574","0","0","904","0","0","16508","0"
"20","48604481",".","A","G","p.Gln228Arg","p.Gln228Arg","c.683A>G","PASS","missense","","1","121314","0","0.000008243","0","10404","0","0","8652","0","1","66684","0","0","6594","0","0","11572","0","0","904","0","0","16504","0"
"20","48604497",".","C","G","p.Val233Val","p.Val233Val","c.699C>G","PASS","synonymous","","3","121270","0","0.00002474","0","10402","0","0","8654","0","0","66670","0","0","6594","0","0","11572","0","0","902","0","3","16476","0"
"20","48604509",".","G","A","p.Gln237Gln","p.Gln237Gln","c.711G>A","PASS","synonymous","","1","121126","0","0.000008256","0","10398","0","0","8654","0","0","66614","0","0","6590","0","0","11568","0","0","898","0","1","16404","0"
"20","48604517",".","C","T","p.Ala240Val","p.Ala240Val","c.719C>T","PASS","missense","","1","120978","0","0.000008266","1","10400","0","0","8654","0","0","66578","0","0","6582","0","0","11564","0","0","896","0","0","16304","0"
"20","48604518","rs142763927","G","A","p.Ala240Ala","p.Ala240Ala","c.720G>A","PASS","synonymous","","19","120956","0","0.0001571","13","10400","0","0","8654","0","2","66572","0","0","6582","0","3","11564","0","0","896","0","1","16288","0"
"20","48604538",".","G","A","p.Arg247Gln","p.Arg247Gln","c.740G>A","PASS","missense","","1","119788","0","0.000008348","0","10392","0","0","8654","0","0","66232","0","0","6560","0","1","11558","0","0","890","0","0","15502","0"
"20","48604548",".","G","T","p.Leu250Leu","p.Leu250Leu","c.750G>T","PASS","synonymous","","1","119036","0","0.000008401","0","10380","0","0","8652","0","1","66060","0","0","6522","0","0","11556","0","0","882","0","0","14984","0"
"20","48604562",".","A","G","p.Gln255Arg","p.Gln255Arg","c.764A>G","PASS","missense","","1","117600","0","0.000008503","0","10350","0","0","8646","0","1","65748","0","0","6476","0","0","11538","0","0","878","0","0","13964","0"
"20","48604569",".","C","G","p.Ser257Ser","p.Ser257Ser","c.771C>G","PASS","synonymous","","1","116688","0","0.000008570","0","10326","0","0","8636","0","1","65484","0","0","6420","0","0","11518","0","0","872","0","0","13432","0"
"20","48604570","rs151036730","G","A","p.Gly258Ser","p.Gly258Ser","c.772G>A","PASS","missense","","12","116512","0","0.0001030","10","10318","0","1","8632","0","1","65444","0","0","6410","0","0","11516","0","0","868","0","0","13324","0"
"20","48604581",".","A","G","p.Gly261Gly","p.Gly261Gly","c.783A>G","PASS","synonymous","","2","115048","1","0.00001738","0","10286","0","0","8616","0","0","65054","0","0","6314","0","0","11492","0","0","852","0","2","12434","1"
"20","48604582",".","T","C","p.Cys262Arg","p.Cys262Arg","c.784T>C","PASS","missense","","1","114708","0","0.000008718","0","10276","0","0","8610","0","0","64938","0","0","6296","0","1","11488","0","0","850","0","0","12250","0"
"20","48604588","rs140860809","C","T","p.Arg264Cys","p.Arg264Cys","c.790C>T","PASS","missense","","5","113104","0","0.00004421","0","10228","0","0","8564","0","5","64476","0","0","6232","0","0","11466","0","0","826","0","0","11312","0"
"20","48604595","rs144872502","C","G","","","c.*2C>G","PASS","3' UTR","","73","111516","0","0.0006546","71","10158","0","0","8524","0","0","63994","0","0","6154","0","2","11392","0","0","792","0","0","10502","0"
"20","48604596","rs112146891","C","T","","","c.*3C>T","PASS","3' UTR","","1","111480","0","0.000008970","1","10148","0","0","8532","0","0","63990","0","0","6156","0","0","11392","0","0","792","0","0","10470","0"
"20","48604598",".","C","CGA","","","c.*7_*8dupAG","PASS","3' UTR","","1","111218","0","0.000008991","0","10138","0","0","8530","0","0","63908","0","0","6148","0","0","11388","0","0","792","0","1","10314","0"
"20","48604598",".","C","A","","","c.*5C>A","PASS","3' UTR","","1","111218","0","0.000008991","1","10138","0","0","8530","0","0","63908","0","0","6148","0","0","11388","0","0","792","0","0","10314","0"
"20","48604599",".","G","A","","","c.*6G>A","PASS","3' UTR","","3","110956","0","0.00002704","1","10120","0","0","8524","0","2","63812","0","0","6138","0","0","11386","0","0","784","0","0","10192","0"
"20","48604600",".","A","AG","","","c.*9dupG","PASS","3' UTR","","2","110848","0","0.00001804","0","10114","0","0","8516","0","2","63770","0","0","6136","0","0","11380","0","0","784","0","0","10148","0"
"20","48604607",".","C","T","","","c.*14C>T","PASS","3' UTR","","1","109432","0","0.000009138","0","10026","0","0","8436","0","1","63214","0","0","6062","0","0","11284","0","0","764","0","0","9646","0"
"20","48604613",".","C","T","","","c.*20C>T","PASS","3' UTR","","1","108330","0","0.000009231","1","9954","0","0","8366","0","0","62752","0","0","5984","0","0","11216","0","0","760","0","0","9298","0"
"20","48604615",".","C","T","","","c.*22C>T","PASS","3' UTR","","1","108248","0","0.000009238","0","9948","0","1","8368","0","0","62716","0","0","5976","0","0","11212","0","0","754","0","0","9274","0"
"20","48604619",".","A","G","","","c.*26A>G","PASS","3' UTR","","1","107700","0","0.000009285","0","9918","0","0","8346","0","0","62464","0","0","5942","0","1","11164","0","0","750","0","0","9116","0"
"20","48604620",".","T","G","","","c.*27T>G","PASS","3' UTR","","1","107366","0","0.000009314","0","9888","0","0","8314","0","1","62298","0","0","5930","0","0","11158","0","0","746","0","0","9032","0"
"20","48604622",".","C","T","","","c.*29C>T","PASS","3' UTR","","8","106642","0","0.00007502","0","9824","0","0","8250","0","8","62082","0","0","5848","0","0","11112","0","0","736","0","0","8790","0"
"20","48604625",".","G","C","","","c.*32G>C","PASS","3' UTR","","1","106344","0","0.000009403","0","9790","0","0","8234","0","0","61896","0","0","5840","0","0","11078","0","0","734","0","1","8772","0"
"20","48604630",".","T","G","","","c.*37T>G","PASS","3' UTR","","4","105802","0","0.00003781","0","9734","0","4","8186","0","0","61640","0","0","5790","0","0","11040","0","0","732","0","0","8680","0"
"20","48604635",".","G","T","","","c.*42G>T","PASS","3' UTR","","1","104442","0","0.000009575","0","9632","0","0","8108","0","1","60890","0","0","5724","0","0","10870","0","0","718","0","0","8500","0"
"20","48604639",".","G","C","","","c.*46G>C","PASS","3' UTR","","4","102652","0","0.00003897","0","9494","0","0","7962","0","2","59912","0","2","5610","0","0","10674","0","0","720","0","0","8280","0"